<?xml version="1.0" encoding="UTF-8" standalone="yes"?>
<addon id="repository.notoco" name="Notoco repository" version="1.0" provider-name="notoco">
		<extension point="xbmc.addon.repository" name="Notoco Univ Repo">
			<dir>
				<info>https://github.com/notoco/repository.notoco/raw/master/addons.xml</info>
				<checksum>https://github.com/notoco/repository.notoco/raw/master/addons.xml.md5</checksum>
				<datadir zip="true">https://github.com/notoco/repository.notoco/raw/master/zip</datadir>
			</dir>
		</extension>
		<extension point="xbmc.addon.metadata">
			<summary>Notoco Repository</summary>
			<description>Repository notoco for script.audio.profiles</description>
			<platform>all</platform>
			<assets>
				<icon>icon.png</icon>
			</assets>
		</extension>
	</addon>
